{"content":[{"id":"36ad29f","settings":{"gap":"no","height":"min-height","custom_height":{"unit":"px","size":975,"sizes":[]},"background_background":"classic","background_image":{"id":207637,"url":"https:\/\/live.mcstarters.com\/wp-content\/uploads\/2021\/11\/hans-peter-gauster-unsplash.jpg"},"background_position":"center center","background_repeat":"no-repeat","background_size":"cover","background_overlay_background":"classic","background_overlay_color":"#000000","background_overlay_opacity":{"unit":"px","size":0.56,"sizes":[]}},"elements":[{"id":"686b7170","settings":{"_column_size":100,"_inline_size":null},"elements":[{"id":"501fa561","settings":{"content_width":{"unit":"px","size":640,"sizes":[]}},"elements":[{"id":"6b4ee3ef","settings":{"_column_size":100,"_inline_size":null,"background_background":"classic","background_color":"#FFFFFF","border_border":"solid","border_radius":{"unit":"px","top":"10","right":"10","bottom":"10","left":"10","isLinked":true},"box_shadow_box_shadow_type":"yes","padding":{"unit":"px","top":"60","right":"60","bottom":"60","left":"60","isLinked":true}},"elements":[{"id":"761dbdd0","settings":{"selected_icon":{"value":"fas fa-gifts","library":"fa-solid"},"view":"framed","primary_color":"#FFFFFF","secondary_color":"#1B8F0A","size":{"unit":"px","size":100,"sizes":[]},"border_width":{"unit":"px","top":"5","right":"5","bottom":"5","left":"5","isLinked":true},"_margin":{"unit":"px","top":"-150","right":"0","bottom":"0","left":"0","isLinked":false}},"elements":[],"isInner":false,"widgetType":"icon","elType":"widget"},{"id":"72ead41a","settings":{"title":"Special Gift for Subscribers!","header_size":"h1","align":"center","title_color":"#000000","typography_typography":"custom","typography_font_family":"Ubuntu","typography_font_weight":"600","typography_font_size":{"unit":"px","size":38,"sizes":[]}},"elements":[],"isInner":false,"widgetType":"heading","elType":"widget"},{"id":"42423fc9","settings":{"align":"center","typography_typography":"custom","typography_font_family":"Ubuntu","typography_font_size":{"unit":"px","size":17,"sizes":[]},"typography_font_weight":"400"},"elements":[],"isInner":false,"widgetType":"text-editor","elType":"widget"},{"id":"25613ae0","settings":{"html":"<script async data-uid=\"7bf95bf58e\" src=\"https:\/\/cheerful-builder-2686.ck.page\/7bf95bf58e\/index.js\"><\/script>","_margin":{"unit":"px","top":"-20","right":"0","bottom":"0","left":"0","isLinked":false}},"elements":[],"isInner":false,"widgetType":"html","elType":"widget"}],"isInner":true,"elType":"column"}],"isInner":true,"elType":"section"}],"isInner":false,"elType":"column"}],"isInner":false,"elType":"section"}],"page_settings":{"eael_ext_toc_title":"Table of Contents"},"version":"0.4","title":"Squeeze Landing Page V10","type":"page"}