{"content":[{"id":"bfa1701","settings":{"gap":"no","height":"full","custom_height":{"unit":"px","size":692,"sizes":[]},"background_background":"classic","background_image":{"id":207637,"url":"https:\/\/live.mcstarters.com\/wp-content\/uploads\/2021\/11\/hans-peter-gauster-unsplash.jpg"},"background_position":"center center","background_repeat":"no-repeat","background_size":"cover","background_overlay_background":"classic","background_overlay_color":"#000000","background_overlay_opacity":{"unit":"px","size":0.56,"sizes":[]}},"elements":[{"id":"11a5994","settings":{"_column_size":100,"_inline_size":null},"elements":[{"id":"734e56ea","settings":{"content_width":{"unit":"px","size":640,"sizes":[]}},"elements":[{"id":"2d0a909a","settings":{"_column_size":100,"_inline_size":null,"background_background":"classic","background_color":"#FFFFFF","border_border":"solid","border_radius":{"unit":"px","top":"10","right":"10","bottom":"10","left":"10","isLinked":true},"box_shadow_box_shadow_type":"yes","padding":{"unit":"px","top":"60","right":"60","bottom":"60","left":"60","isLinked":true}},"elements":[{"id":"2a8a153c","settings":{"selected_icon":{"value":"fas fa-gifts","library":"fa-solid"},"view":"framed","primary_color":"#FFFFFF","secondary_color":"#1B8F0A","size":{"unit":"px","size":100,"sizes":[]},"border_width":{"unit":"px","top":"5","right":"5","bottom":"5","left":"5","isLinked":true},"_margin":{"unit":"px","top":"-150","right":"0","bottom":"0","left":"0","isLinked":false}},"elements":[],"isInner":false,"widgetType":"icon","elType":"widget"},{"id":"69b240b8","settings":{"title":"Thank You.","header_size":"h1","align":"center","title_color":"#000000","typography_typography":"custom","typography_font_family":"Ubuntu","typography_font_weight":"600","typography_font_size":{"unit":"px","size":38,"sizes":[]}},"elements":[],"isInner":false,"widgetType":"heading","elType":"widget"},{"id":"13d09747","settings":{"align":"center","typography_typography":"custom","typography_font_family":"Ubuntu","typography_font_size":{"unit":"px","size":17,"sizes":[]},"typography_font_weight":"400","editor":"<p>Thank You for subscription. You can claim gift here.<\/p>"},"elements":[],"isInner":false,"widgetType":"text-editor","elType":"widget"}],"isInner":true,"elType":"column"}],"isInner":true,"elType":"section"}],"isInner":false,"elType":"column"}],"isInner":false,"elType":"section"}],"page_settings":{"eael_ext_toc_title":"Table of Contents"},"version":"0.4","title":"Thank You Squeeze Landing Page V10","type":"page"}